{"mean":{"confidence_interval":{"confidence_level":0.95,"lower_bound":129.32650574214406,"upper_bound":130.09229171506814},"point_estimate":129.68978670799407,"standard_error":0.1956871893916659},"median":{"confidence_interval":{"confidence_level":0.95,"lower_bound":128.93684178421654,"upper_bound":129.7172967547675},"point_estimate":129.12338295254904,"standard_error":0.18352570940591054},"median_abs_dev":{"confidence_interval":{"confidence_level":0.95,"lower_bound":1.1230776384348806,"upper_bound":1.702143851739312},"point_estimate":1.3698186309661406,"standard_error":0.1491737760618958},"slope":{"confidence_interval":{"confidence_level":0.95,"lower_bound":129.3427920375643,"upper_bound":130.40282076205594},"point_estimate":129.82200301618025,"standard_error":0.2719114899641078},"std_dev":{"confidence_interval":{"confidence_level":0.95,"lower_bound":1.428820813857965,"upper_bound":2.484805712489676},"point_estimate":1.9655258212135485,"standard_error":0.2719511754730544}}