{"mean":{"confidence_interval":{"confidence_level":0.95,"lower_bound":247.35768559770293,"upper_bound":249.23816339788286},"point_estimate":248.28414820668627,"standard_error":0.4804499784537617},"median":{"confidence_interval":{"confidence_level":0.95,"lower_bound":246.51779759335676,"upper_bound":248.94864957647746},"point_estimate":247.87692084028413,"standard_error":0.6561299462374728},"median_abs_dev":{"confidence_interval":{"confidence_level":0.95,"lower_bound":3.823256524940395,"upper_bound":5.978210851865502},"point_estimate":5.149659437999115,"standard_error":0.5676012161158464},"slope":{"confidence_interval":{"confidence_level":0.95,"lower_bound":248.69517927114302,"upper_bound":250.90925979714154},"point_estimate":249.79398305226724,"standard_error":0.5645045448217463},"std_dev":{"confidence_interval":{"confidence_level":0.95,"lower_bound":4.1838519423557585,"upper_bound":5.420311217897102},"point_estimate":4.836768416171015,"standard_error":0.3147713637739649}}