{"mean":{"confidence_interval":{"confidence_level":0.95,"lower_bound":14.98470884779354,"upper_bound":15.073779254647986},"point_estimate":15.02788485762268,"standard_error":0.022708319554723258},"median":{"confidence_interval":{"confidence_level":0.95,"lower_bound":14.926693135500546,"upper_bound":15.014406476507705},"point_estimate":14.980661504792181,"standard_error":0.021327452458701143},"median_abs_dev":{"confidence_interval":{"confidence_level":0.95,"lower_bound":0.11893804978987937,"upper_bound":0.23621074278433074},"point_estimate":0.16722864964480857,"standard_error":0.031045406728677515},"slope":{"confidence_interval":{"confidence_level":0.95,"lower_bound":14.971842647532924,"upper_bound":15.080717271536486},"point_estimate":15.023872713444497,"standard_error":0.0278205592468742},"std_dev":{"confidence_interval":{"confidence_level":0.95,"lower_bound":0.18848792324343658,"upper_bound":0.2605223181367659},"point_estimate":0.2276031745507491,"standard_error":0.01842825385226774}}