{"mean":{"confidence_interval":{"confidence_level":0.95,"lower_bound":10066.763793449507,"upper_bound":10185.544059394446},"point_estimate":10123.895435916973,"standard_error":30.337412575403963},"median":{"confidence_interval":{"confidence_level":0.95,"lower_bound":9945.017182130585,"upper_bound":10042.939876455612},"point_estimate":9985.760869382117,"standard_error":25.387254102688843},"median_abs_dev":{"confidence_interval":{"confidence_level":0.95,"lower_bound":93.47105675757366,"upper_bound":205.42623430529318},"point_estimate":129.19681409503616,"standard_error":28.33809409502418},"slope":{"confidence_interval":{"confidence_level":0.95,"lower_bound":10063.968771841866,"upper_bound":10238.099853525742},"point_estimate":10148.448185691934,"standard_error":44.622602465785356},"std_dev":{"confidence_interval":{"confidence_level":0.95,"lower_bound":247.77775542995195,"upper_bound":352.9943724431018},"point_estimate":305.55014577971417,"standard_error":26.86466168576237}}