{"mean":{"confidence_interval":{"confidence_level":0.95,"lower_bound":21.507008093437413,"upper_bound":23.337987461542603},"point_estimate":22.301803544521018,"standard_error":0.4713034962508345},"median":{"confidence_interval":{"confidence_level":0.95,"lower_bound":21.155175672378633,"upper_bound":21.339239315311403},"point_estimate":21.21217812488691,"standard_error":0.04767313167058802},"median_abs_dev":{"confidence_interval":{"confidence_level":0.95,"lower_bound":0.2179473911640109,"upper_bound":0.37649143924445616},"point_estimate":0.2698960164465822,"standard_error":0.03730421854385812},"slope":{"confidence_interval":{"confidence_level":0.95,"lower_bound":21.35198019159859,"upper_bound":22.44667639764338},"point_estimate":21.804424950815275,"standard_error":0.28095697083355786},"std_dev":{"confidence_interval":{"confidence_level":0.95,"lower_bound":1.5304924488689406,"upper_bound":6.959063523251706},"point_estimate":4.73641529857351,"standard_error":1.3400510884948222}}