{"mean":{"confidence_interval":{"confidence_level":0.95,"lower_bound":25.790352338041266,"upper_bound":27.98017494729256},"point_estimate":26.85100584540015,"standard_error":0.5587005073825656},"median":{"confidence_interval":{"confidence_level":0.95,"lower_bound":24.240628090681394,"upper_bound":27.540780938924925},"point_estimate":25.478857732322908,"standard_error":0.9670409785180185},"median_abs_dev":{"confidence_interval":{"confidence_level":0.95,"lower_bound":4.109931042811291,"upper_bound":7.362947592298237},"point_estimate":5.710625291734751,"standard_error":0.857300985325159},"slope":{"confidence_interval":{"confidence_level":0.95,"lower_bound":23.284537647124353,"upper_bound":25.097047008449064},"point_estimate":24.10116187275157,"standard_error":0.4623439999436676},"std_dev":{"confidence_interval":{"confidence_level":0.95,"lower_bound":4.625587525345166,"upper_bound":6.50523915469096},"point_estimate":5.626195248408989,"standard_error":0.4800135955162673}}