{"mean":{"confidence_interval":{"confidence_level":0.95,"lower_bound":199.14688206734553,"upper_bound":220.38332426176163},"point_estimate":209.32959138296388,"standard_error":5.417611382728201},"median":{"confidence_interval":{"confidence_level":0.95,"lower_bound":175.7274915489557,"upper_bound":182.71888522465164},"point_estimate":177.10646882512845,"standard_error":2.2227640448698818},"median_abs_dev":{"confidence_interval":{"confidence_level":0.95,"lower_bound":5.418555366496578,"upper_bound":16.44516597143914},"point_estimate":8.14806013719698,"standard_error":3.3883319766195443},"slope":{"confidence_interval":{"confidence_level":0.95,"lower_bound":218.63740477201134,"upper_bound":252.09529681712092},"point_estimate":235.4486435846415,"standard_error":8.528936166986485},"std_dev":{"confidence_interval":{"confidence_level":0.95,"lower_bound":45.07613409899575,"upper_bound":62.15630335466759},"point_estimate":54.5387050278141,"standard_error":4.35742719461254}}