{"mean":{"confidence_interval":{"confidence_level":0.95,"lower_bound":11795.09907856934,"upper_bound":12224.045074985379},"point_estimate":11999.222908589383,"standard_error":109.76217703977836},"median":{"confidence_interval":{"confidence_level":0.95,"lower_bound":11572.655718336484,"upper_bound":11762.529973649538},"point_estimate":11639.873356712691,"standard_error":46.39358863672552},"median_abs_dev":{"confidence_interval":{"confidence_level":0.95,"lower_bound":352.80036456262843,"upper_bound":798.9654127775283},"point_estimate":638.2580852595628,"standard_error":104.31249832372706},"slope":{"confidence_interval":{"confidence_level":0.95,"lower_bound":11968.564357357394,"upper_bound":12684.76664724717},"point_estimate":12318.371702957447,"standard_error":183.16817107056397},"std_dev":{"confidence_interval":{"confidence_level":0.95,"lower_bound":818.6085682701352,"upper_bound":1344.28969405197},"point_estimate":1101.4768008621336,"standard_error":134.2074380195484}}