{"mean":{"confidence_interval":{"confidence_level":0.95,"lower_bound":333.1683369837271,"upper_bound":336.9196825444355},"point_estimate":334.99013697445815,"standard_error":0.9567174944840348},"median":{"confidence_interval":{"confidence_level":0.95,"lower_bound":331.6741529695376,"upper_bound":337.2890824534942},"point_estimate":334.3516000502765,"standard_error":1.3271395127724828},"median_abs_dev":{"confidence_interval":{"confidence_level":0.95,"lower_bound":7.261667545128101,"upper_bound":10.778339095454081},"point_estimate":9.167749417063426,"standard_error":0.8818905477032968},"slope":{"confidence_interval":{"confidence_level":0.95,"lower_bound":332.00951702083245,"upper_bound":336.5646280939182},"point_estimate":334.0580375926915,"standard_error":1.1644421839238424},"std_dev":{"confidence_interval":{"confidence_level":0.95,"lower_bound":7.590040681666012,"upper_bound":11.72569637407509},"point_estimate":9.595954881069746,"standard_error":1.078664765334713}}